# ASCII

## Purpose

`ASCII()` returns the ASCII code value of the leftmost character in a character expression.

## Syntax

```sql
ASCII(char)
```

## Parameters

| Parameter | Description |
|------|---------------------------------------------------|
| char | An expression of the `CHAR`, `VARCHAR2`, `NCHAR`, or `NVARCHAR2` data type.  |

## Return type

The return type is `NUMBER`.

## Examples

Use the `ASCII` function to return the ASCII code values of the letters **A** and **a** and a space.

```sql
obclient> SELECT ASCII('A') A, ASCII('a') a, ASCII(' ') space FROM DUAL;
+------+------+-------+
| A    | A    | SPACE |
+------+------+-------+
|   65 |   97 |    32 |
+------+------+-------+
1 row in set
```

<!-- Use the `ASCII` function to return the ASCII code values of letters **A** and **a**, Chinese character "**中**", and a space.

```sql
obclient> SELECT ASCII('A') A, ASCII('a') a, ASCII(' ') space,ASCII('中') hz FROM DUAL;
+------+------+-------+----------+
| A    | A    | SPACE | HZ       |
+------+------+-------+----------+
|   65 |   97 |    32 | 14989485 |
+------+------+-------+----------+
1 row in set
``` -->
